[{"pos_x": 110.49, "pos_y": -54.61, "rotation": -90.0, "side": "top", "designator": "J6", "mpn": null, "pack": "PinHeader_1x04_P2.54mm_Vertical", "value": "i2c", "mount_type": "tht", "place": true}, {"pos_x": 114.3, "pos_y": -71.5, "rotation": 0.0, "side": "top", "designator": "C1", "mpn": null, "pack": "C_0805_2012Metric_Pad1.18x1.45mm_HandSolder", "value": "0.1u", "mount_type": "smt", "place": true}, {"pos_x": 118.888, "pos_y": -71.628, "rotation": 0.0, "side": "top", "designator": "R3", "mpn": null, "pack": "R_0805_2012Metric_Pad1.20x1.40mm_HandSolder", "value": "33", "mount_type": "smt", "place": true}, {"pos_x": 152.13, "pos_y": -66.04, "rotation": 0.0, "side": "top", "designator": "R2", "mpn": null, "pack": "R_0805_2012Metric_Pad1.20x1.40mm_HandSolder", "value": "330", "mount_type": "smt", "place": true}, {"pos_x": 131.1375, "pos_y": -74.75, "rotation": 0.0, "side": "top", "designator": "C4", "mpn": null, "pack": "C_0603_1608Metric_Pad1.08x0.95mm_HandSolder", "value": "0.22u", "mount_type": "smt", "place": true}, {"pos_x": 77.5, "pos_y": -55.0, "rotation": 0.0, "side": "top", "designator": "H1", "mpn": null, "pack": "MountingHole_3.2mm_M3", "value": "MH", "mount_type": "tht", "place": true}, {"pos_x": 126.1375, "pos_y": -74.75, "rotation": 0.0, "side": "top", "designator": "C2", "mpn": null, "pack": "C_0603_1608Metric_Pad1.08x0.95mm_HandSolder", "value": "0.22u", "mount_type": "smt", "place": true}, {"pos_x": 145.2125, "pos_y": -74.43, "rotation": 0.0, "side": "top", "designator": "C5", "mpn": null, "pack": "C_0805_2012Metric_Pad1.18x1.45mm_HandSolder", "value": "0.1u", "mount_type": "smt", "place": true}, {"pos_x": 152.13, "pos_y": -62.992, "rotation": 180.0, "side": "top", "designator": "R1", "mpn": null, "pack": "R_0805_2012Metric_Pad1.20x1.40mm_HandSolder", "value": "2k", "mount_type": "smt", "place": true}, {"pos_x": 86.4705, "pos_y": -69.0, "rotation": 90.0, "side": "top", "designator": "U1", "mpn": null, "pack": "DIP-28_W7.62mm", "value": "ATmega328P-PU", "mount_type": "tht", "place": true}, {"pos_x": 81.7375, "pos_y": -64.0, "rotation": 0.0, "side": "top", "designator": "D2", "mpn": null, "pack": "D_1206_3216Metric_Pad1.42x1.75mm_HandSolder", "value": "1N4001", "mount_type": "smt", "place": true}, {"pos_x": 152.0, "pos_y": -55.0, "rotation": 0.0, "side": "top", "designator": "H2", "mpn": null, "pack": "MountingHole_3.2mm_M3", "value": "MH", "mount_type": "tht", "place": true}, {"pos_x": 152.1675, "pos_y": -69.596, "rotation": 180.0, "side": "top", "designator": "C10", "mpn": null, "pack": "C_0805_2012Metric_Pad1.18x1.45mm_HandSolder", "value": "0.1u", "mount_type": "smt", "place": true}, {"pos_x": 89.5, "pos_y": -73.25, "rotation": -90.0, "side": "top", "designator": "R9", "mpn": null, "pack": "R_0805_2012Metric_Pad1.20x1.40mm_HandSolder", "value": "10k", "mount_type": "smt", "place": true}, {"pos_x": 140.97, "pos_y": -55.88, "rotation": 90.0, "side": "top", "designator": "D1", "mpn": null, "pack": "LED_D3.0mm_Clear", "value": "LED", "mount_type": "tht", "place": true}, {"pos_x": 140.75, "pos_y": -58.75, "rotation": 0.0, "side": "top", "designator": "SW1", "mpn": null, "pack": "SW_PUSH_6mm", "value": "FREQ", "mount_type": "tht", "place": true}, {"pos_x": 81.75, "pos_y": -59.75, "rotation": 0.0, "side": "top", "designator": "C3", "mpn": null, "pack": "C_0805_2012Metric_Pad1.18x1.45mm_HandSolder", "value": "0.1u", "mount_type": "smt", "place": true}, {"pos_x": 77.5, "pos_y": -74.25, "rotation": 0.0, "side": "top", "designator": "H4", "mpn": null, "pack": "MountingHole_3.2mm_M3", "value": "MH", "mount_type": "tht", "place": true}, {"pos_x": 85.75, "pos_y": -73.2875, "rotation": -90.0, "side": "top", "designator": "C12", "mpn": null, "pack": "C_0805_2012Metric_Pad1.18x1.45mm_HandSolder", "value": "0.1u", "mount_type": "smt", "place": true}, {"pos_x": 123.19, "pos_y": -62.79, "rotation": 0.0, "side": "top", "designator": "SW5", "mpn": null, "pack": "RotaryEncoder_Alps_EC11E-Switch_Vertical_H20mm_CircularMountingHoles", "value": "RE_Sw", "mount_type": "tht", "place": true}, {"pos_x": 80.5, "pos_y": -69.0, "rotation": 0.0, "side": "top", "designator": "C8", "mpn": null, "pack": "CP_Radial_D5.0mm_P2.50mm", "value": "10u", "mount_type": "tht", "place": true}, {"pos_x": 151.876, "pos_y": -59.944, "rotation": 0.0, "side": "top", "designator": "R10", "mpn": null, "pack": "R_0805_2012Metric_Pad1.20x1.40mm_HandSolder", "value": "4.7k", "mount_type": "smt", "place": true}, {"pos_x": 114.6189, "pos_y": -56.896, "rotation": 0.0, "side": "top", "designator": "C6", "mpn": null, "pack": "CP_Radial_D5.0mm_P2.50mm", "value": "10u", "mount_type": "tht", "place": true}, {"pos_x": 140.5, "pos_y": -74.5, "rotation": 0.0, "side": "top", "designator": "R8", "mpn": null, "pack": "R_0805_2012Metric_Pad1.20x1.40mm_HandSolder", "value": "10k", "mount_type": "smt", "place": true}, {"pos_x": 140.75, "pos_y": -66.25, "rotation": 0.0, "side": "top", "designator": "SW2", "mpn": null, "pack": "SW_PUSH_6mm", "value": "VOL", "mount_type": "tht", "place": true}, {"pos_x": 76.2, "pos_y": -64.77, "rotation": 0.0, "side": "top", "designator": "J1", "mpn": null, "pack": "PinHeader_1x02_P2.54mm_Vertical", "value": "VIN", "mount_type": "tht", "place": true}, {"pos_x": 146.05, "pos_y": -55.88, "rotation": 90.0, "side": "top", "designator": "D3", "mpn": null, "pack": "LED_D3.0mm_Clear", "value": "LED", "mount_type": "tht", "place": true}, {"pos_x": 101.092, "pos_y": -58.42, "rotation": 0.0, "side": "top", "designator": "C18", "mpn": null, "pack": "C_0805_2012Metric_Pad1.18x1.45mm_HandSolder", "value": "0.1u", "mount_type": "smt", "place": true}, {"pos_x": 151.75, "pos_y": -74.25, "rotation": 0.0, "side": "top", "designator": "H3", "mpn": null, "pack": "MountingHole_3.2mm_M3", "value": "MH", "mount_type": "tht", "place": true}, {"pos_x": 135.75, "pos_y": -74.5, "rotation": 0.0, "side": "top", "designator": "R5", "mpn": null, "pack": "R_0805_2012Metric_Pad1.20x1.40mm_HandSolder", "value": "4.7k", "mount_type": "smt", "place": true}, {"pos_x": 120.396, "pos_y": -58.3985, "rotation": -90.0, "side": "top", "designator": "C20", "mpn": null, "pack": "C_0805_2012Metric_Pad1.18x1.45mm_HandSolder", "value": "0.1u", "mount_type": "smt", "place": true}, {"pos_x": 110.236, "pos_y": -58.42, "rotation": 0.0, "side": "top", "designator": "R6", "mpn": null, "pack": "R_0805_2012Metric_Pad1.20x1.40mm_HandSolder", "value": "10k", "mount_type": "smt", "place": true}, {"pos_x": 105.68, "pos_y": -58.42, "rotation": 0.0, "side": "top", "designator": "R4", "mpn": null, "pack": "R_0805_2012Metric_Pad1.20x1.40mm_HandSolder", "value": "10k", "mount_type": "smt", "place": true}, {"pos_x": 96.89, "pos_y": -75.25, "rotation": -90.0, "side": "bottom", "designator": "J7", "mpn": null, "pack": "PinHeader_1x11_P2.54mm_Vertical", "value": "PANEL/MAIN", "mount_type": "tht", "place": true}, {"pos_x": 106.8645, "pos_y": -65.0, "rotation": 180.0, "side": "bottom", "designator": "Y1", "mpn": null, "pack": "Crystal_HC49-U-3Pin_Vertical", "value": "16MHz", "mount_type": "tht", "place": true}, {"pos_x": 112.3625, "pos_y": -65.0, "rotation": 180.0, "side": "bottom", "designator": "C7", "mpn": null, "pack": "C_0603_1608Metric_Pad1.08x0.95mm_HandSolder", "value": "20p", "mount_type": "smt", "place": true}, {"pos_x": 136.144, "pos_y": -54.61, "rotation": 90.0, "side": "bottom", "designator": "J5", "mpn": null, "pack": "PinHeader_1x07_P2.54mm_Vertical", "value": "Si5351a", "mount_type": "tht", "place": true}, {"pos_x": 97.536, "pos_y": -55.372, "rotation": 90.0, "side": "bottom", "designator": "P1", "mpn": null, "pack": "PinHeader_1x06_P2.54mm_Vertical", "value": "COM", "mount_type": "tht", "place": true}, {"pos_x": 96.225, "pos_y": -65.0, "rotation": 0.0, "side": "bottom", "designator": "C11", "mpn": null, "pack": "C_0603_1608Metric_Pad1.08x0.95mm_HandSolder", "value": "20p", "mount_type": "smt", "place": true}]