[{"pos_x": 203.988, "pos_y": -64.692, "rotation": 90.0, "side": "top", "designator": "R15", "mpn": null, "pack": "R_Axial_DIN0204_L3.6mm_D1.6mm_P1.90mm_Vertical", "value": "10", "mount_type": "tht", "place": true}, {"pos_x": 152.963, "pos_y": -81.692, "rotation": 0.0, "side": "top", "designator": "L5", "mpn": null, "pack": "L_0805_2012Metric_Pad1.15x1.40mm_HandSolder", "value": "0.027u", "mount_type": "smt", "place": true}, {"pos_x": 155.738, "pos_y": -39.3045, "rotation": 90.0, "side": "top", "designator": "J1", "mpn": null, "pack": "SMA_Amphenol_132289_EdgeMount", "value": "ANT", "mount_type": "smt", "place": true}, {"pos_x": 181.988, "pos_y": -65.167, "rotation": 0.0, "side": "top", "designator": "J5", "mpn": null, "pack": "PinHeader_1x03_P2.54mm_Vertical", "value": "VOL", "mount_type": "tht", "place": true}, {"pos_x": 193.51, "pos_y": -86.35, "rotation": 90.0, "side": "top", "designator": "R11", "mpn": null, "pack": "R_Axial_DIN0204_L3.6mm_D1.6mm_P1.90mm_Vertical", "value": "4.7k", "mount_type": "tht", "place": true}, {"pos_x": 144.655, "pos_y": -89.89, "rotation": 0.0, "side": "top", "designator": "C20", "mpn": null, "pack": "C_Disc_D3.0mm_W1.6mm_P2.50mm", "value": "4p", "mount_type": "tht", "place": true}, {"pos_x": 199.225, "pos_y": -99.415, "rotation": 180.0, "side": "top", "designator": "U6", "mpn": null, "pack": "Si5351a_BOB", "value": "Si5351a_BOB", "mount_type": "tht", "place": true}, {"pos_x": 144.635, "pos_y": -98.78, "rotation": 0.0, "side": "top", "designator": "C13", "mpn": null, "pack": "C_Disc_D3.0mm_W1.6mm_P2.50mm", "value": "0.01u", "mount_type": "tht", "place": true}, {"pos_x": 176.423, "pos_y": -53.877, "rotation": 180.0, "side": "top", "designator": "Y2", "mpn": null, "pack": "Crystal_AT310_D3.0mm_L10.0mm_Horizontal", "value": "Crystal", "mount_type": "tht", "place": true}, {"pos_x": 151.188, "pos_y": -87.692, "rotation": 90.0, "side": "top", "designator": "J9", "mpn": null, "pack": "PinHeader_1x04_P2.54mm_Vertical", "value": "Conn_01x04_Pin", "mount_type": "tht", "place": true}, {"pos_x": 181.238, "pos_y": -88.692, "rotation": 0.0, "side": "top", "designator": "C37", "mpn": null, "pack": "C_Disc_D3.0mm_W1.6mm_P2.50mm", "value": "15p", "mount_type": "tht", "place": true}, {"pos_x": 187.405, "pos_y": -88.62, "rotation": 0.0, "side": "top", "designator": "L6", "mpn": null, "pack": "L_0805_2012Metric_Pad1.15x1.40mm_HandSolder", "value": "0.027u", "mount_type": "smt", "place": true}, {"pos_x": 176.088, "pos_y": -70.192, "rotation": 0.0, "side": "top", "designator": "R7", "mpn": null, "pack": "R_Axial_DIN0204_L3.6mm_D1.6mm_P1.90mm_Vertical", "value": "10k", "mount_type": "tht", "place": true}, {"pos_x": 158.988, "pos_y": -70.772, "rotation": 90.0, "side": "top", "designator": "L3", "mpn": null, "pack": "L_Axial_L7.0mm_D3.3mm_P10.16mm_Horizontal_Fastron_MICC", "value": "0.027u", "mount_type": "tht", "place": true}, {"pos_x": 221.488, "pos_y": -78.942, "rotation": -90.0, "side": "top", "designator": "C9", "mpn": null, "pack": "C_Disc_D3.0mm_W1.6mm_P2.50mm", "value": "0.1u", "mount_type": "tht", "place": true}, {"pos_x": 145.026, "pos_y": -83.692, "rotation": 0.0, "side": "top", "designator": "C39", "mpn": null, "pack": "C_Disc_D3.0mm_W1.6mm_P2.50mm", "value": "0.01u", "mount_type": "tht", "place": true}, {"pos_x": 173.488, "pos_y": -77.692, "rotation": 180.0, "side": "top", "designator": "R10", "mpn": null, "pack": "R_Axial_DIN0204_L3.6mm_D1.6mm_P1.90mm_Vertical", "value": "1k", "mount_type": "tht", "place": true}, {"pos_x": 164.963, "pos_y": -58.557, "rotation": 90.0, "side": "top", "designator": "L8", "mpn": null, "pack": "L_Axial_L7.0mm_D3.3mm_P10.16mm_Horizontal_Fastron_MICC", "value": "0.065u", "mount_type": "tht", "place": true}, {"pos_x": 209.038, "pos_y": -90.7545, "rotation": 90.0, "side": "top", "designator": "Q2", "mpn": null, "pack": "SOT-23", "value": "BSS138", "mount_type": "smt", "place": true}, {"pos_x": 203.588, "pos_y": -69.192, "rotation": 0.0, "side": "top", "designator": "R4", "mpn": null, "pack": "R_Axial_DIN0204_L3.6mm_D1.6mm_P1.90mm_Vertical", "value": "10k", "mount_type": "tht", "place": true}, {"pos_x": 159.883, "pos_y": -54.192, "rotation": -90.0, "side": "top", "designator": "C2", "mpn": null, "pack": "C_Disc_D3.0mm_W1.6mm_P2.50mm", "value": "15p", "mount_type": "tht", "place": true}, {"pos_x": 164.963, "pos_y": -64.867, "rotation": 90.0, "side": "top", "designator": "C43", "mpn": null, "pack": "C_Disc_D5.0mm_W2.5mm_P2.50mm", "value": "15p", "mount_type": "tht", "place": true}, {"pos_x": 208.374, "pos_y": -62.59, "rotation": -90.0, "side": "top", "designator": "R14", "mpn": null, "pack": "R_Axial_DIN0204_L3.6mm_D1.6mm_P1.90mm_Vertical", "value": "47k", "mount_type": "tht", "place": true}, {"pos_x": 180.878, "pos_y": -45.442, "rotation": 0.0, "side": "top", "designator": "C27", "mpn": null, "pack": "CP_Radial_D5.0mm_P2.50mm", "value": "10u", "mount_type": "tht", "place": true}, {"pos_x": 185.488, "pos_y": -68.692, "rotation": 0.0, "side": "top", "designator": "C42", "mpn": null, "pack": "C_Disc_D3.0mm_W1.6mm_P2.50mm", "value": "0.1u", "mount_type": "tht", "place": true}, {"pos_x": 163.988, "pos_y": -70.192, "rotation": 0.0, "side": "top", "designator": "C23", "mpn": null, "pack": "C_Disc_D3.0mm_W1.6mm_P2.50mm", "value": "0.01u", "mount_type": "tht", "place": true}, {"pos_x": 175.488, "pos_y": -92.692, "rotation": 0.0, "side": "top", "designator": "C22", "mpn": null, "pack": "C_Disc_D3.0mm_W1.6mm_P2.50mm", "value": "4p", "mount_type": "tht", "place": true}, {"pos_x": 146.5265, "pos_y": -65.288, "rotation": 0.0, "side": "top", "designator": "C6", "mpn": null, "pack": "C_0805_2012Metric_Pad1.18x1.45mm_HandSolder", "value": "1p", "mount_type": "smt", "place": true}, {"pos_x": 151.488, "pos_y": -67.692, "rotation": 0.0, "side": "top", "designator": "C5", "mpn": null, "pack": "C_Disc_D3.0mm_W1.6mm_P2.50mm", "value": "1p", "mount_type": "tht", "place": true}, {"pos_x": 191.0349, "pos_y": -77.825, "rotation": 0.0, "side": "top", "designator": "C14", "mpn": null, "pack": "CP_Radial_D5.0mm_P2.50mm", "value": "10u", "mount_type": "tht", "place": true}, {"pos_x": 169.878, "pos_y": -48.0115, "rotation": 90.0, "side": "top", "designator": "C44", "mpn": null, "pack": "C_0805_2012Metric_Pad1.18x1.45mm_HandSolder", "value": "22p", "mount_type": "smt", "place": true}, {"pos_x": 195.488, "pos_y": -56.692, "rotation": 0.0, "side": "top", "designator": "C36", "mpn": null, "pack": "CP_Radial_D8.0mm_P2.50mm", "value": "100u", "mount_type": "tht", "place": true}, {"pos_x": 193.51, "pos_y": -94.355, "rotation": -90.0, "side": "top", "designator": "C12", "mpn": null, "pack": "C_Disc_D3.0mm_W1.6mm_P2.50mm", "value": "0.1u", "mount_type": "tht", "place": true}, {"pos_x": 161.28, "pos_y": -75.692, "rotation": 180.0, "side": "top", "designator": "L4", "mpn": null, "pack": "L_Axial_L7.0mm_D3.3mm_P10.16mm_Horizontal_Fastron_MICC", "value": "0.065u", "mount_type": "tht", "place": true}, {"pos_x": 220.988, "pos_y": -104.75, "rotation": 0.0, "side": "top", "designator": "H4", "mpn": null, "pack": "MountingHole_3.5mm", "value": "MountingHole", "mount_type": "tht", "place": true}, {"pos_x": 164.328, "pos_y": -43.952, "rotation": 0.0, "side": "top", "designator": "C18", "mpn": null, "pack": "C_Disc_D5.0mm_W2.5mm_P2.50mm", "value": "15p", "mount_type": "tht", "place": true}, {"pos_x": 165.218, "pos_y": -80.692, "rotation": 0.0, "side": "top", "designator": "Q1", "mpn": null, "pack": "TO-92_Inline", "value": "2SC3355", "mount_type": "tht", "place": true}, {"pos_x": 214.328, "pos_y": -43.672, "rotation": -90.0, "side": "top", "designator": "L7", "mpn": null, "pack": "L_Axial_L5.3mm_D2.2mm_P2.54mm_Vertical_Vishay_IM-1", "value": "1mH", "mount_type": "tht", "place": true}, {"pos_x": 191.368, "pos_y": -63.612, "rotation": 0.0, "side": "top", "designator": "U7", "mpn": null, "pack": "DIP-8_W7.62mm_LongPads", "value": "LM386", "mount_type": "tht", "place": true}, {"pos_x": 218.738, "pos_y": -49.692, "rotation": 90.0, "side": "top", "designator": "J3", "mpn": null, "pack": "PinHeader_1x02_P2.54mm_Vertical", "value": "DC9-12V", "mount_type": "tht", "place": true}, {"pos_x": 146.0185, "pos_y": -60.208, "rotation": 0.0, "side": "top", "designator": "C3", "mpn": null, "pack": "C_0805_2012Metric_Pad1.18x1.45mm_HandSolder", "value": "1p", "mount_type": "smt", "place": true}, {"pos_x": 154.288, "pos_y": -102.312, "rotation": 90.0, "side": "top", "designator": "U3", "mpn": null, "pack": "DIP-16_W7.62mm_Socket", "value": "TA2003", "mount_type": "tht", "place": true}, {"pos_x": 212.306, "pos_y": -59.684, "rotation": -90.0, "side": "top", "designator": "C35", "mpn": null, "pack": "C_Disc_D3.0mm_W1.6mm_P2.50mm", "value": "0.1u", "mount_type": "tht", "place": true}, {"pos_x": 203.583, "pos_y": -73.692, "rotation": 0.0, "side": "top", "designator": "R5", "mpn": null, "pack": "R_Axial_DIN0204_L3.6mm_D1.6mm_P1.90mm_Vertical", "value": "10k", "mount_type": "tht", "place": true}, {"pos_x": 151.448, "pos_y": -45.692, "rotation": 90.0, "side": "top", "designator": "J11", "mpn": null, "pack": "PinHeader_1x04_P2.54mm_Vertical", "value": "Conn_01x04_Pin", "mount_type": "tht", "place": true}, {"pos_x": 180.203, "pos_y": -53.692, "rotation": 90.0, "side": "top", "designator": "C24", "mpn": null, "pack": "C_Disc_D3.0mm_W1.6mm_P2.50mm", "value": "22p", "mount_type": "tht", "place": true}, {"pos_x": 179.948, "pos_y": -38.942, "rotation": 90.0, "side": "top", "designator": "J6", "mpn": null, "pack": "PinHeader_1x02_P2.54mm_Vertical", "value": "SP", "mount_type": "tht", "place": true}, {"pos_x": 160.488, "pos_y": -106.692, "rotation": 180.0, "side": "top", "designator": "C19", "mpn": null, "pack": "C_Disc_D3.0mm_W1.6mm_P2.50mm", "value": "0.01u", "mount_type": "tht", "place": true}, {"pos_x": 217.934, "pos_y": -61.692, "rotation": 0.0, "side": "top", "designator": "C33", "mpn": null, "pack": "CP_Radial_D8.0mm_P2.50mm", "value": "100u", "mount_type": "tht", "place": true}, {"pos_x": 204.726, "pos_y": -57.886, "rotation": 0.0, "side": "top", "designator": "C34", "mpn": null, "pack": "CP_Radial_D5.0mm_P2.50mm", "value": "10u", "mount_type": "tht", "place": true}, {"pos_x": 164.448, "pos_y": -38.692, "rotation": 90.0, "side": "top", "designator": "J4", "mpn": null, "pack": "PinHeader_1x03_P2.54mm_Vertical", "value": "Conn_01x03", "mount_type": "tht", "place": true}, {"pos_x": 192.268, "pos_y": -41.092, "rotation": 180.0, "side": "top", "designator": "J2", "mpn": null, "pack": "Jack_3.5mm_CUI_SJ1-3525N_Horizontal", "value": "AudioJack2_Ground_Switch", "mount_type": "tht", "place": true}, {"pos_x": 166.108, "pos_y": -87.192, "rotation": 0.0, "side": "top", "designator": "Y1", "mpn": null, "pack": "Crystal_HC49-U-3Pin_Vertical", "value": "Crystal_Filter", "mount_type": "tht", "place": true}, {"pos_x": 217.988, "pos_y": -71.692, "rotation": 0.0, "side": "top", "designator": "C28", "mpn": null, "pack": "CP_Radial_D8.0mm_P2.50mm", "value": "100u", "mount_type": "tht", "place": true}, {"pos_x": 176.988, "pos_y": -75.692, "rotation": 0.0, "side": "top", "designator": "R13", "mpn": null, "pack": "R_Axial_DIN0204_L3.6mm_D1.6mm_P1.90mm_Vertical", "value": "100k", "mount_type": "tht", "place": true}, {"pos_x": 217.488, "pos_y": -92.43, "rotation": 0.0, "side": "top", "designator": "U8", "mpn": null, "pack": "SOT-223-3_TabPin2", "value": "LT1117-3.3", "mount_type": "smt", "place": true}, {"pos_x": 155.738, "pos_y": -49.692, "rotation": 0.0, "side": "top", "designator": "C1", "mpn": null, "pack": "C_Disc_D3.0mm_W1.6mm_P2.50mm", "value": "8p", "mount_type": "tht", "place": true}, {"pos_x": 145.064, "pos_y": -77.692, "rotation": 0.0, "side": "top", "designator": "C11", "mpn": null, "pack": "C_Disc_D3.0mm_W1.6mm_P2.50mm", "value": "8p", "mount_type": "tht", "place": true}, {"pos_x": 165.57, "pos_y": -106.692, "rotation": 90.0, "side": "top", "designator": "J8", "mpn": null, "pack": "PinHeader_1x11_P2.54mm_Vertical", "value": "Conn_01x11_Pin", "mount_type": "tht", "place": true}, {"pos_x": 177.488, "pos_y": -80.692, "rotation": 0.0, "side": "top", "designator": "C40", "mpn": null, "pack": "C_Disc_D3.0mm_W1.6mm_P2.50mm", "value": "0.1u", "mount_type": "tht", "place": true}, {"pos_x": 157.488, "pos_y": -81.692, "rotation": 0.0, "side": "top", "designator": "C16", "mpn": null, "pack": "C_Disc_D3.0mm_W1.6mm_P2.50mm", "value": "0.1u", "mount_type": "tht", "place": true}, {"pos_x": 184.66, "pos_y": -96.24, "rotation": 0.0, "side": "top", "designator": "C17", "mpn": null, "pack": "CP_Radial_D5.0mm_P2.50mm", "value": "10u", "mount_type": "tht", "place": true}, {"pos_x": 176.488, "pos_y": -88.692, "rotation": 0.0, "side": "top", "designator": "R8", "mpn": null, "pack": "R_Axial_DIN0204_L3.6mm_D1.6mm_P1.90mm_Vertical", "value": "3k", "mount_type": "tht", "place": true}, {"pos_x": 188.795, "pos_y": -92.192, "rotation": 0.0, "side": "top", "designator": "R2", "mpn": null, "pack": "R_Axial_DIN0204_L3.6mm_D1.6mm_P1.90mm_Vertical", "value": "10", "mount_type": "tht", "place": true}, {"pos_x": 206.738, "pos_y": -49.992, "rotation": 180.0, "side": "top", "designator": "J10", "mpn": null, "pack": "BarrelJack_Wuerth_6941xx301002", "value": "Barrel_Jack_Switch", "mount_type": "tht", "place": true}, {"pos_x": 169.878, "pos_y": -54.086, "rotation": 90.0, "side": "top", "designator": "C21", "mpn": null, "pack": "C_Disc_D3.0mm_W1.6mm_P2.50mm", "value": "22p", "mount_type": "tht", "place": true}, {"pos_x": 211.658, "pos_y": -54.442, "rotation": 0.0, "side": "top", "designator": "D1", "mpn": null, "pack": "D_DO-41_SOD81_P10.16mm_Horizontal", "value": "1N4001", "mount_type": "tht", "place": true}, {"pos_x": 171.588, "pos_y": -81.692, "rotation": 0.0, "side": "top", "designator": "R9", "mpn": null, "pack": "R_Axial_DIN0204_L3.6mm_D1.6mm_P1.90mm_Vertical", "value": "47k", "mount_type": "tht", "place": true}, {"pos_x": 187.15, "pos_y": -59.674, "rotation": 90.0, "side": "top", "designator": "C30", "mpn": null, "pack": "C_Disc_D5.0mm_W2.5mm_P2.50mm", "value": "1u", "mount_type": "tht", "place": true}, {"pos_x": 185.91, "pos_y": -84.81, "rotation": 0.0, "side": "top", "designator": "C38", "mpn": null, "pack": "C_Disc_D3.0mm_W1.6mm_P2.50mm", "value": "15p", "mount_type": "tht", "place": true}, {"pos_x": 145.908, "pos_y": -54.692, "rotation": 0.0, "side": "top", "designator": "L1", "mpn": null, "pack": "L_Axial_L7.0mm_D3.3mm_P10.16mm_Horizontal_Fastron_MICC", "value": "0.065u", "mount_type": "tht", "place": true}, {"pos_x": 204.488, "pos_y": -90.6295, "rotation": 90.0, "side": "top", "designator": "Q3", "mpn": null, "pack": "SOT-23", "value": "BSS138", "mount_type": "smt", "place": true}, {"pos_x": 145.963, "pos_y": -49.692, "rotation": 0.0, "side": "top", "designator": "L2", "mpn": null, "pack": "L_0805_2012Metric_Pad1.15x1.40mm_HandSolder", "value": "0.027u", "mount_type": "smt", "place": true}, {"pos_x": 185.988, "pos_y": -64.692, "rotation": 0.0, "side": "top", "designator": "R17", "mpn": null, "pack": "R_Axial_DIN0204_L3.6mm_D1.6mm_P1.90mm_Vertical", "value": "27k", "mount_type": "tht", "place": true}, {"pos_x": 193.51, "pos_y": -91.16, "rotation": 90.0, "side": "top", "designator": "R12", "mpn": null, "pack": "R_Axial_DIN0204_L3.6mm_D1.6mm_P1.90mm_Vertical", "value": "4.7k", "mount_type": "tht", "place": true}, {"pos_x": 183.39, "pos_y": -77.825, "rotation": 0.0, "side": "top", "designator": "C32", "mpn": null, "pack": "CP_Radial_D5.0mm_P2.50mm", "value": "10u", "mount_type": "tht", "place": true}, {"pos_x": 173.238, "pos_y": -61.327, "rotation": 0.0, "side": "top", "designator": "U5", "mpn": null, "pack": "SOP-16_4.55x10.3mm_P1.27mm", "value": "Si4732-A10", "mount_type": "smt", "place": true}, {"pos_x": 185.796, "pos_y": -72.4, "rotation": 0.0, "side": "top", "designator": "R18", "mpn": null, "pack": "R_Axial_DIN0204_L3.6mm_D1.6mm_P1.90mm_Vertical", "value": "4.7k", "mount_type": "tht", "place": true}, {"pos_x": 152.5845, "pos_y": -64.246, "rotation": 0.0, "side": "top", "designator": "C4", "mpn": null, "pack": "C_0805_2012Metric_Pad1.18x1.45mm_HandSolder", "value": "2p", "mount_type": "smt", "place": true}, {"pos_x": 150.488, "pos_y": -94.192, "rotation": 90.0, "side": "top", "designator": "R1", "mpn": null, "pack": "R_Axial_DIN0204_L3.6mm_D1.6mm_P1.90mm_Vertical", "value": "10k", "mount_type": "tht", "place": true}, {"pos_x": 144.98, "pos_y": -94.335, "rotation": 0.0, "side": "top", "designator": "R6", "mpn": null, "pack": "R_Axial_DIN0204_L3.6mm_D1.6mm_P1.90mm_Vertical", "value": "3k", "mount_type": "tht", "place": true}, {"pos_x": 220.988, "pos_y": -40.192, "rotation": 0.0, "side": "top", "designator": "H2", "mpn": null, "pack": "MountingHole_3.5mm", "value": "MountingHole", "mount_type": "tht", "place": true}, {"pos_x": 145.488, "pos_y": -104.75, "rotation": 0.0, "side": "top", "designator": "H3", "mpn": null, "pack": "MountingHole_3.5mm", "value": "MountingHole", "mount_type": "tht", "place": true}, {"pos_x": 170.2829, "pos_y": -72.192, "rotation": 0.0, "side": "top", "designator": "C10", "mpn": null, "pack": "CP_Radial_D5.0mm_P2.50mm", "value": "10u", "mount_type": "tht", "place": true}, {"pos_x": 186.642, "pos_y": -53.07, "rotation": 180.0, "side": "top", "designator": "C26", "mpn": null, "pack": "C_Disc_D3.0mm_W1.6mm_P2.50mm", "value": "0.01u", "mount_type": "tht", "place": true}, {"pos_x": 213.988, "pos_y": -81.692, "rotation": 0.0, "side": "top", "designator": "U1", "mpn": null, "pack": "SOT-223-3_TabPin2", "value": "LT1117-5.0", "mount_type": "smt", "place": true}, {"pos_x": 145.488, "pos_y": -39.942, "rotation": 0.0, "side": "top", "designator": "H1", "mpn": null, "pack": "MountingHole_3.5mm", "value": "MountingHole", "mount_type": "tht", "place": true}, {"pos_x": 164.488, "pos_y": -75.192, "rotation": 0.0, "side": "top", "designator": "C29", "mpn": null, "pack": "C_Disc_D3.0mm_W1.6mm_P2.50mm", "value": "1000p", "mount_type": "tht", "place": true}, {"pos_x": 177.738, "pos_y": -84.192, "rotation": 0.0, "side": "top", "designator": "C25", "mpn": null, "pack": "C_Disc_D3.0mm_W1.6mm_P2.50mm", "value": "1000p", "mount_type": "tht", "place": true}, {"pos_x": 177.488, "pos_y": -96.692, "rotation": 0.0, "side": "top", "designator": "C41", "mpn": null, "pack": "C_Disc_D3.0mm_W1.6mm_P2.50mm", "value": "100p", "mount_type": "tht", "place": true}, {"pos_x": 182.07, "pos_y": -59.674, "rotation": 90.0, "side": "top", "designator": "C31", "mpn": null, "pack": "C_Disc_D5.0mm_W2.5mm_P2.50mm", "value": "1u", "mount_type": "tht", "place": true}, {"pos_x": 145.064, "pos_y": -71.384, "rotation": 0.0, "side": "top", "designator": "C7", "mpn": null, "pack": "C_Disc_D3.0mm_W1.6mm_P2.50mm", "value": "15p", "mount_type": "tht", "place": true}, {"pos_x": 190.97, "pos_y": -101.955, "rotation": -90.0, "side": "top", "designator": "J7", "mpn": null, "pack": "PinHeader_1x06_P2.54mm_Vertical", "value": "Conn_01x06_Pin", "mount_type": "tht", "place": true}, {"pos_x": 154.988, "pos_y": -106.692, "rotation": 180.0, "side": "top", "designator": "C15", "mpn": null, "pack": "C_Disc_D3.0mm_W1.6mm_P2.50mm", "value": "0.01u", "mount_type": "tht", "place": true}, {"pos_x": 208.75, "pos_y": -69.57, "rotation": 90.0, "side": "top", "designator": "R16", "mpn": null, "pack": "R_Axial_DIN0204_L3.6mm_D1.6mm_P1.90mm_Vertical", "value": "10", "mount_type": "tht", "place": true}]