Designator,Footprint,Quantity,Value,LCSC Part #
"C1, C11",0805,2,470p,
"C10, C19, C2, C20, C3, C7, C9",0805,7,0.1u,
"C12, C16",0603,2,5.6p,
"C13, C15",0603,2,2.2p,
C14,0805,1,100p,
"C17, C18",0603,2,0.22u,
"C4, C6",CP_Radial_D5.0mm_P2.50mm,2,10u,
"C5, C8",0603,2,20p,
"D1, D2",LED_D3.0mm_Clear,2,LED,
D3,D_SMC-RM10_Universal_Handsoldering,1,1N4001,
DS1,WC1602A,1,WC1602A,
"H1, H2, H3, H4",MountingHole_3.2mm_M3,4,MH,
J1,SMA_Samtec_SMA-J-P-X-ST-EM1_EdgeMount,1,LO0,
"J2, J6",SMA_Samtec_SMA-J-P-X-ST-EM1_EdgeMount,2,LO1,
J3,PinHeader_1x07_P2.54mm_Vertical,1,Si5351a,
J4,PinHeader_1x11_P2.54mm_Vertical,1,PANEL/MAIN,
J5,PinHeader_1x02_P2.54mm_Vertical,1,VIN,
J7,PinHeader_1x04_P2.54mm_Vertical,1,i2c,
L1,0603,1,470n,
L2,0603,1,470u,
P1,Socket_Strip_Arduino_1x12,1,Digital,
P2,Socket_Strip_Arduino_1x06,1,COM,
"P3, P5",Socket_Strip_Arduino_1x02,2,ADC,
P4,Socket_Strip_Arduino_1x12,1,Analog,
P6,Pin_D1.1mm_L8.5mm_W2.5mm_FlatFork,1,GND,
Q1,SOT-323_SC-70,1,2SC2645,
R1,0805,1,2k,
"R10, R5, R7, R8, R9",0805,5,10k,
"R11, R13, R6",0805,3,150,
R12,0805,1,39,
R2,0805,1,330,
R3,0805,1,620,
R4,0805,1,1k,
RV1,"Potentiometer_ACP_CA6-H2,5_Horizontal",1,10k,
SW1,SW_PUSH_6mm,1,FREQ,
SW2,SW_PUSH_6mm,1,VOL,
SW3,SW_PUSH_6mm,1,SQL,
SW4,SW_PUSH_6mm,1,SCAN,
SW5,RotaryEncoder_Alps_EC11E-Switch_Vertical_H20mm_CircularMountingHoles,1,RE_Sw,
U1,DIP-28_W7.62mm,1,ATmega328P-PU,
U2,SOT-223-3_TabPin2,1,AP1117-50,
Y1,Crystal_HC49-U-3Pin_Vertical,1,8MHz,
